--Clear NodeRating Data
DELETE FROM NodeRatings WHERE UserHash = '0B1CC9CFB7380E8E7A80726D12CB997C936D95B514E7F921187119FD80996BBACA103C08EFCC39553EFF5DFC368D4D8D197C9080C7015AE4DA2E87884E7DE9A6';
DELETE FROM NodeRatings WHERE UserHash = 'D8FC97AC79D370FC43BE4528C72B02AD7B560DC707956B77D5892504754E6C2484C07BF28243FF3CD1A2EA6F778BBBF924B384A34975D6A7D590A40CEE455A32';
DELETE FROM NodeRatings WHERE UserHash = 'AE57D4CD0E7DC14F7C8C7EEF4DC8C8B833567A71021C1D123328D9B85C3825D8B72376D162C7F03C78D3CE048104A6BB0047979544F4852679D937048258558D';
DELETE FROM NodeRatings WHERE UserHash = 'E5D6801551E6079FCAF2B10403FA86F9B9EC40B0D7A70256EDA0A9988ABAB4CC250681D5054D18E224DCF0CADB730BCF6E07546F2B775A0E31D64C3DC41BC159';
DELETE FROM NodeRatings WHERE UserHash = 'CB3C47AD9DCEFA2CAC50D472CAFA954F00476EA58B11E8F2CD32E46F4C3DC1C990867A78D484BB25E8FF2FB44CE9F99F356E275E7E2684FFF714BAC11B663FBF';

--Clear NodeTag Data
DELETE FROM NodeTags WHERE TagName = 'cooking';
DELETE FROM NodeTags WHERE TagName = 'food';
--Clear Nodes Data
DELETE FROM Nodes WHERE UserHash = '0B1CC9CFB7380E8E7A80726D12CB997C936D95B514E7F921187119FD80996BBACA103C08EFCC39553EFF5DFC368D4D8D197C9080C7015AE4DA2E87884E7DE9A6';
DELETE FROM Nodes WHERE UserHash = 'D8FC97AC79D370FC43BE4528C72B02AD7B560DC707956B77D5892504754E6C2484C07BF28243FF3CD1A2EA6F778BBBF924B384A34975D6A7D590A40CEE455A32';
DELETE FROM Nodes WHERE UserHash = 'AE57D4CD0E7DC14F7C8C7EEF4DC8C8B833567A71021C1D123328D9B85C3825D8B72376D162C7F03C78D3CE048104A6BB0047979544F4852679D937048258558D';
DELETE FROM Nodes WHERE UserHash = 'E5D6801551E6079FCAF2B10403FA86F9B9EC40B0D7A70256EDA0A9988ABAB4CC250681D5054D18E224DCF0CADB730BCF6E07546F2B775A0E31D64C3DC41BC159';
DELETE FROM Nodes WHERE UserHash = 'CB3C47AD9DCEFA2CAC50D472CAFA954F00476EA58B11E8F2CD32E46F4C3DC1C990867A78D484BB25E8FF2FB44CE9F99F356E275E7E2684FFF714BAC11B663FBF';

--Clear OTP Claims Data
DELETE FROM OTPClaims WHERE Username = 'drakat7@gmail.com' AND 
AuthorizationLevel = 'user';
DELETE FROM OTPClaims WHERE Username = 'drakat7@gmail.com' AND 
AuthorizationLevel = 'admin';
DELETE FROM OTPClaims WHERE Username = 'aarry@gmail.com' AND 
AuthorizationLevel = 'user';
DELETE FROM OTPClaims WHERE Username = 'barry@gmail.com' AND 
AuthorizationLevel = 'admin';
DELETE FROM OTPClaims WHERE Username = 'carry@gmail.com' AND 
AuthorizationLevel = 'user';
DELETE FROM OTPClaims WHERE Username = 'darry@gmail.com' AND 
AuthorizationLevel = 'user';
DELETE FROM OTPClaims WHERE Username = 'earry@gmail.com' AND 
AuthorizationLevel = 'user';
DELETE FROM OTPClaims WHERE Username = 'farry@gmail.com' AND 
AuthorizationLevel = 'user';
DELETE FROM OTPClaims WHERE Username = 'garry@gmail.com' AND 
AuthorizationLevel = 'user';
DELETE FROM OTPClaims WHERE Username = 'harry@gmail.com' AND 
AuthorizationLevel = 'admin';
DELETE FROM OTPClaims WHERE Username = 'iarry@gmail.com' AND 
AuthorizationLevel = 'admin';
DELETE FROM OTPClaims WHERE Username = 'sarry@gmail.com' AND 
AuthorizationLevel = 'admin';
DELETE FROM OTPClaims WHERE Username = 'jarry@gmail.com' AND 
AuthorizationLevel = 'admin';
DELETE FROM OTPClaims WHERE Username = 'karry@gmail.com' AND 
AuthorizationLevel = 'user';
DELETE FROM OTPClaims WHERE Username = 'larry@gmail.com' AND 
AuthorizationLevel = 'user';
DELETE FROM OTPClaims WHERE Username = 'marry@gmail.com' AND 
AuthorizationLevel = 'user';
DELETE FROM OTPClaims WHERE Username = 'narry@gmail.com' AND 
AuthorizationLevel = 'user';
DELETE FROM OTPClaims WHERE Username = 'oarry@gmail.com' AND 
AuthorizationLevel = 'user';
DELETE FROM OTPClaims WHERE Username = 'parry@gmail.com' AND 
AuthorizationLevel = 'user';
DELETE FROM OTPClaims WHERE Username = 'qarry@gmail.com' AND 
AuthorizationLevel = 'user';
DELETE FROM OTPClaims WHERE Username = 'rarry@gmail.com' AND 
AuthorizationLevel = 'user';
DELETE FROM OTPClaims WHERE Username = 'sarry@gmail.com' AND 
AuthorizationLevel = 'user';
DELETE FROM OTPClaims WHERE Username = 'grizzly@gmail.com' AND 
AuthorizationLevel = 'user';
DELETE FROM OTPClaims WHERE Username = 'salewa@gmail.com' AND 
AuthorizationLevel = 'admin';
DELETE FROM OTPClaims WHERE Username = 'trizip@gmail.com' AND 
AuthorizationLevel = 'user';
DELETE FROM OTPClaims WHERE Username = 'switchblade@gmail.com' AND 
AuthorizationLevel = 'admin';
DELETE FROM OTPClaims WHERE Username = 'altyn@gmail.com' AND 
AuthorizationLevel = 'user';
DELETE FROM OTPClaims WHERE Username = 'ryst@gmail.com' AND 
AuthorizationLevel = 'admin';

-- Set UserID in UserHash to null
UPDATE UserHashTable SET UserID = NULL WHERE UserID = (SELECT UserID FROM Accounts WHERE Username = 'drakat7@gmail.com' AND AuthorizationLevel = 'user');
UPDATE UserHashTable SET UserID = NULL WHERE UserID = (SELECT UserID FROM Accounts WHERE Username = 'drakat7@gmail.com' AND AuthorizationLevel = 'admin');
UPDATE UserHashTable SET UserID = NULL WHERE UserID = (SELECT UserID FROM Accounts WHERE Username = 'aarry@gmail.com' AND AuthorizationLevel = 'user');
UPDATE UserHashTable SET UserID = NULL WHERE UserID = (SELECT UserID FROM Accounts WHERE Username = 'barry@gmail.com' AND AuthorizationLevel = 'admin');
UPDATE UserHashTable SET UserID = NULL WHERE UserID = (SELECT UserID FROM Accounts WHERE Username = 'carry@gmail.com' AND AuthorizationLevel = 'user');
UPDATE UserHashTable SET UserID = NULL WHERE UserID = (SELECT UserID FROM Accounts WHERE Username = 'darry@gmail.com' AND AuthorizationLevel = 'user');
UPDATE UserHashTable SET UserID = NULL WHERE UserID = (SELECT UserID FROM Accounts WHERE Username = 'earry@gmail.com' AND AuthorizationLevel = 'user');
UPDATE UserHashTable SET UserID = NULL WHERE UserID = (SELECT UserID FROM Accounts WHERE Username = 'farry@gmail.com' AND AuthorizationLevel = 'user');
UPDATE UserHashTable SET UserID = NULL WHERE UserID = (SELECT UserID FROM Accounts WHERE Username = 'garry@gmail.com' AND AuthorizationLevel = 'user');
UPDATE UserHashTable SET UserID = NULL WHERE UserID = (SELECT UserID FROM Accounts WHERE Username = 'harry@gmail.com' AND AuthorizationLevel = 'admin');
UPDATE UserHashTable SET UserID = NULL WHERE UserID = (SELECT UserID FROM Accounts WHERE Username = 'iarry@gmail.com' AND AuthorizationLevel = 'admin');
UPDATE UserHashTable SET UserID = NULL WHERE UserID = (SELECT UserID FROM Accounts WHERE Username = 'sarry@gmail.com' AND AuthorizationLevel = 'admin');
UPDATE UserHashTable SET UserID = NULL WHERE UserID = (SELECT UserID FROM Accounts WHERE Username = 'jarry@gmail.com' AND AuthorizationLevel = 'admin');
UPDATE UserHashTable SET UserID = NULL WHERE UserID = (SELECT UserID FROM Accounts WHERE Username = 'karry@gmail.com' AND AuthorizationLevel = 'user');
UPDATE UserHashTable SET UserID = NULL WHERE UserID = (SELECT UserID FROM Accounts WHERE Username = 'larry@gmail.com' AND AuthorizationLevel = 'user');
UPDATE UserHashTable SET UserID = NULL WHERE UserID = (SELECT UserID FROM Accounts WHERE Username = 'marry@gmail.com' AND AuthorizationLevel = 'user');
UPDATE UserHashTable SET UserID = NULL WHERE UserID = (SELECT UserID FROM Accounts WHERE Username = 'narry@gmail.com' AND AuthorizationLevel = 'user');
UPDATE UserHashTable SET UserID = NULL WHERE UserID = (SELECT UserID FROM Accounts WHERE Username = 'oarry@gmail.com' AND AuthorizationLevel = 'user');
UPDATE UserHashTable SET UserID = NULL WHERE UserID = (SELECT UserID FROM Accounts WHERE Username = 'parry@gmail.com' AND AuthorizationLevel = 'user');
UPDATE UserHashTable SET UserID = NULL WHERE UserID = (SELECT UserID FROM Accounts WHERE Username = 'qarry@gmail.com' AND AuthorizationLevel = 'user');
UPDATE UserHashTable SET UserID = NULL WHERE UserID = (SELECT UserID FROM Accounts WHERE Username = 'rarry@gmail.com' AND AuthorizationLevel = 'user');
UPDATE UserHashTable SET UserID = NULL WHERE UserID = (SELECT UserID FROM Accounts WHERE Username = 'grizzly@gmail.com' AND AuthorizationLevel = 'user');
UPDATE UserHashTable SET UserID = NULL WHERE UserID = (SELECT UserID FROM Accounts WHERE Username = 'salewa@gmail.com' AND AuthorizationLevel = 'admin');
UPDATE UserHashTable SET UserID = NULL WHERE UserID = (SELECT UserID FROM Accounts WHERE Username = 'trizip@gmail.com' AND AuthorizationLevel = 'user');
UPDATE UserHashTable SET UserID = NULL WHERE UserID = (SELECT UserID FROM Accounts WHERE Username = 'switchblade@gmail.com' AND AuthorizationLevel = 'admin');
UPDATE UserHashTable SET UserID = NULL WHERE UserID = (SELECT UserID FROM Accounts WHERE Username = 'altyn@gmail.com' AND AuthorizationLevel = 'user');
UPDATE UserHashTable SET UserID = NULL WHERE UserID = (SELECT UserID FROM Accounts WHERE Username = 'ryst@gmail.com' AND AuthorizationLevel = 'admin');
UPDATE UserHashTable SET UserID = NULL WHERE UserID = (SELECT UserID FROM Accounts WHERE Username = 'guest' AND AuthorizationLevel = 'guest');

--Clear Accounts Data
DELETE FROM Accounts WHERE Username = 'drakat7@gmail.com' AND 
AuthorizationLevel = 'user';
DELETE FROM Accounts WHERE Username = 'drakat7@gmail.com' AND 
AuthorizationLevel = 'admin';
DELETE FROM Accounts WHERE Username = 'aarry@gmail.com' AND 
AuthorizationLevel = 'user';
DELETE FROM Accounts WHERE Username = 'barry@gmail.com' AND 
AuthorizationLevel = 'admin';
DELETE FROM Accounts WHERE Username = 'carry@gmail.com' AND 
AuthorizationLevel = 'user';
DELETE FROM Accounts WHERE Username = 'darry@gmail.com' AND 
AuthorizationLevel = 'user';
DELETE FROM Accounts WHERE Username = 'earry@gmail.com' AND 
AuthorizationLevel = 'user';
DELETE FROM Accounts WHERE Username = 'farry@gmail.com' AND 
AuthorizationLevel = 'user';
DELETE FROM Accounts WHERE Username = 'garry@gmail.com' AND 
AuthorizationLevel = 'user';
DELETE FROM Accounts WHERE Username = 'harry@gmail.com' AND 
AuthorizationLevel = 'admin';
DELETE FROM Accounts WHERE Username = 'iarry@gmail.com' AND 
AuthorizationLevel = 'admin';
DELETE FROM Accounts WHERE Username = 'sarry@gmail.com' AND 
AuthorizationLevel = 'admin';
DELETE FROM Accounts WHERE Username = 'jarry@gmail.com' AND 
AuthorizationLevel = 'admin';
DELETE FROM Accounts WHERE Username = 'karry@gmail.com' AND 
AuthorizationLevel = 'user';
DELETE FROM Accounts WHERE Username = 'larry@gmail.com' AND 
AuthorizationLevel = 'user';
DELETE FROM Accounts WHERE Username = 'marry@gmail.com' AND 
AuthorizationLevel = 'user';
DELETE FROM Accounts WHERE Username = 'narry@gmail.com' AND 
AuthorizationLevel = 'user';
DELETE FROM Accounts WHERE Username = 'oarry@gmail.com' AND 
AuthorizationLevel = 'user';
DELETE FROM Accounts WHERE Username = 'parry@gmail.com' AND 
AuthorizationLevel = 'user';
DELETE FROM Accounts WHERE Username = 'qarry@gmail.com' AND 
AuthorizationLevel = 'user';
DELETE FROM Accounts WHERE Username = 'rarry@gmail.com' AND 
AuthorizationLevel = 'user';
DELETE FROM Accounts WHERE Username = 'sarry@gmail.com' AND 
AuthorizationLevel = 'user';
DELETE FROM Accounts WHERE Username = 'grizzly@gmail.com' AND 
AuthorizationLevel = 'user';
DELETE FROM Accounts WHERE Username = 'salewa@gmail.com' AND 
AuthorizationLevel = 'admin';
DELETE FROM Accounts WHERE Username = 'trizip@gmail.com' AND 
AuthorizationLevel = 'user';
DELETE FROM Accounts WHERE Username = 'switchblade@gmail.com' AND 
AuthorizationLevel = 'admin';
DELETE FROM Accounts WHERE Username = 'altyn@gmail.com' AND 
AuthorizationLevel = 'user';
DELETE FROM Accounts WHERE Username = 'ryst@gmail.com' AND 
AuthorizationLevel = 'admin';
DELETE FROM Accounts WHERE Username = 'guest' AND 
AuthorizationLevel = 'guest';

--for otp tests
INSERT INTO Accounts (Username, Passphrase, AuthorizationLevel, AccountStatus, Confirmed) VALUES -- abcDEF123
('drakat7@gmail.com', 'D3897E59D2710CC124BD2FA2823AF4AE997108B4D9BBF6D170281C41406D3B6662DF4AD6F0805DEC688EC588205DE07D437120F6BD0071D4C0AEE0F58621C85A', 'user', 1, 1),
('drakat7@gmail.com', 'D3897E59D2710CC124BD2FA2823AF4AE997108B4D9BBF6D170281C41406D3B6662DF4AD6F0805DEC688EC588205DE07D437120F6BD0071D4C0AEE0F58621C85A', 'admin', 1, 1),
('aarry@gmail.com',  'D3897E59D2710CC124BD2FA2823AF4AE997108B4D9BBF6D170281C41406D3B6662DF4AD6F0805DEC688EC588205DE07D437120F6BD0071D4C0AEE0F58621C85A', 'user', 1, 1),
('barry@gmail.com', 'D3897E59D2710CC124BD2FA2823AF4AE997108B4D9BBF6D170281C41406D3B6662DF4AD6F0805DEC688EC588205DE07D437120F6BD0071D4C0AEE0F58621C85A', 'admin', 1, 1),
('carry@gmail.com', 'D3897E59D2710CC124BD2FA2823AF4AE997108B4D9BBF6D170281C41406D3B6662DF4AD6F0805DEC688EC588205DE07D437120F6BD0071D4C0AEE0F58621C85A', 'user', 1, 1),
('darry@gmail.com', 'D3897E59D2710CC124BD2FA2823AF4AE997108B4D9BBF6D170281C41406D3B6662DF4AD6F0805DEC688EC588205DE07D437120F6BD0071D4C0AEE0F58621C85A', 'user', 0, 1),
('earry@gmail.com', 'D3897E59D2710CC124BD2FA2823AF4AE997108B4D9BBF6D170281C41406D3B6662DF4AD6F0805DEC688EC588205DE07D437120F6BD0071D4C0AEE0F58621C85A', 'user', 0, 0),
('farry@gmail.com', 'D3897E59D2710CC124BD2FA2823AF4AE997108B4D9BBF6D170281C41406D3B6662DF4AD6F0805DEC688EC588205DE07D437120F6BD0071D4C0AEE0F58621C85A', 'user', 1, 1);
--for authentication tests
INSERT INTO Accounts (Username, Passphrase, AuthorizationLevel, AccountStatus, Confirmed) VALUES
('garry@gmail.com', 'D3897E59D2710CC124BD2FA2823AF4AE997108B4D9BBF6D170281C41406D3B6662DF4AD6F0805DEC688EC588205DE07D437120F6BD0071D4C0AEE0F58621C85A', 'user', 1, 1),
('harry@gmail.com', 'D3897E59D2710CC124BD2FA2823AF4AE997108B4D9BBF6D170281C41406D3B6662DF4AD6F0805DEC688EC588205DE07D437120F6BD0071D4C0AEE0F58621C85A', 'admin', 1, 1),
('iarry@gmail.com', 'D3897E59D2710CC124BD2FA2823AF4AE997108B4D9BBF6D170281C41406D3B6662DF4AD6F0805DEC688EC588205DE07D437120F6BD0071D4C0AEE0F58621C85A', 'admin', 1, 1),
('sarry@gmail.com', 'D3897E59D2710CC124BD2FA2823AF4AE997108B4D9BBF6D170281C41406D3B6662DF4AD6F0805DEC688EC588205DE07D437120F6BD0071D4C0AEE0F58621C85A', 'admin', 1, 1),
('jarry@gmail.com', 'D3897E59D2710CC124BD2FA2823AF4AE997108B4D9BBF6D170281C41406D3B6662DF4AD6F0805DEC688EC588205DE07D437120F6BD0071D4C0AEE0F58621C85A', 'admin', 1, 1),
('karry@gmail.com', 'D3897E59D2710CC124BD2FA2823AF4AE997108B4D9BBF6D170281C41406D3B6662DF4AD6F0805DEC688EC588205DE07D437120F6BD0071D4C0AEE0F58621C85A', 'user', 1, 1),
('larry@gmail.com', 'D3897E59D2710CC124BD2FA2823AF4AE997108B4D9BBF6D170281C41406D3B6662DF4AD6F0805DEC688EC588205DE07D437120F6BD0071D4C0AEE0F58621C85A', 'user', 0, 1),
('marry@gmail.com', 'D3897E59D2710CC124BD2FA2823AF4AE997108B4D9BBF6D170281C41406D3B6662DF4AD6F0805DEC688EC588205DE07D437120F6BD0071D4C0AEE0F58621C85A', 'user', 0, 0),
('narry@gmail.com', 'D3897E59D2710CC124BD2FA2823AF4AE997108B4D9BBF6D170281C41406D3B6662DF4AD6F0805DEC688EC588205DE07D437120F6BD0071D4C0AEE0F58621C85A', 'user', 1, 1),
('oarry@gmail.com', 'D3897E59D2710CC124BD2FA2823AF4AE997108B4D9BBF6D170281C41406D3B6662DF4AD6F0805DEC688EC588205DE07D437120F6BD0071D4C0AEE0F58621C85A', 'user', 1, 1),
('parry@gmail.com', 'D3897E59D2710CC124BD2FA2823AF4AE997108B4D9BBF6D170281C41406D3B6662DF4AD6F0805DEC688EC588205DE07D437120F6BD0071D4C0AEE0F58621C85A', 'user', 1, 1),
('rarry@gmail.com', 'D3897E59D2710CC124BD2FA2823AF4AE997108B4D9BBF6D170281C41406D3B6662DF4AD6F0805DEC688EC588205DE07D437120F6BD0071D4C0AEE0F58621C85A', 'user', 1, 1),
--api test
('qarry@gmail.com', 'D3897E59D2710CC124BD2FA2823AF4AE997108B4D9BBF6D170281C41406D3B6662DF4AD6F0805DEC688EC588205DE07D437120F6BD0071D4C0AEE0F58621C85A', 'user', 1, 1),
('guest', '', 'guest', 1, 1),
-- password for all accounts is "asdfasdf"
('grizzly@gmail.com', 'daa1f5b0a47533d633352b244a99a67d2f10566f29c9a42145e99efbf12a9859fca0830cd7f44abd3c1ceee03f6ac03b9d36c33394b8681359577002a2d3ddce', 'user', 1, 1),
('salewa@gmail.com', 'daa1f5b0a47533d633352b244a99a67d2f10566f29c9a42145e99efbf12a9859fca0830cd7f44abd3c1ceee03f6ac03b9d36c33394b8681359577002a2d3ddce', 'admin', 1, 1),
--inserting for manager
('trizip@gmail.com', 'daa1f5b0a47533d633352b244a99a67d2f10566f29c9a42145e99efbf12a9859fca0830cd7f44abd3c1ceee03f6ac03b9d36c33394b8681359577002a2d3ddce', 'user', 1, 1),
('switchblade@gmail.com', 'daa1f5b0a47533d633352b244a99a67d2f10566f29c9a42145e99efbf12a9859fca0830cd7f44abd3c1ceee03f6ac03b9d36c33394b8681359577002a2d3ddce', 'admin', 1, 1),
--inserting for service
('altyn@gmail.com', 'daa1f5b0a47533d633352b244a99a67d2f10566f29c9a42145e99efbf12a9859fca0830cd7f44abd3c1ceee03f6ac03b9d36c33394b8681359577002a2d3ddce', 'user', 1, 1),
('ryst@gmail.com', 'daa1f5b0a47533d633352b244a99a67d2f10566f29c9a42145e99efbf12a9859fca0830cd7f44abd3c1ceee03f6ac03b9d36c33394b8681359577002a2d3ddce', 'admin', 1, 1);

--for otp tests
INSERT INTO OTPClaims (Username, OTP, AuthorizationLevel, TimeCreated, FailCount) VALUES -- ABCdef123
('drakat7@gmail.com', '0AC56B336CF4649B49B2946748A4DB2686159688DDBC20FE00B7168657DE19593016A67D8982932DF0CB2C1A00AD14037778AED57AB76B53E45DB6B3A7BF29B7', 'user', '2022-03-04T05:06:00', 0),
('drakat7@gmail.com', '0AC56B336CF4649B49B2946748A4DB2686159688DDBC20FE00B7168657DE19593016A67D8982932DF0CB2C1A00AD14037778AED57AB76B53E45DB6B3A7BF29B7', 'admin', '2022-03-04T05:06:00', 0),
('aarry@gmail.com', '0AC56B336CF4649B49B2946748A4DB2686159688DDBC20FE00B7168657DE19593016A67D8982932DF0CB2C1A00AD14037778AED57AB76B53E45DB6B3A7BF29B7', 'user', '2022-03-04T05:06:00', 0),
('barry@gmail.com', '0AC56B336CF4649B49B2946748A4DB2686159688DDBC20FE00B7168657DE19593016A67D8982932DF0CB2C1A00AD14037778AED57AB76B53E45DB6B3A7BF29B7', 'admin', '2022-03-04T05:06:00', 0),
('carry@gmail.com', '0AC56B336CF4649B49B2946748A4DB2686159688DDBC20FE00B7168657DE19593016A67D8982932DF0CB2C1A00AD14037778AED57AB76B53E45DB6B3A7BF29B7', 'user', '2022-03-04T05:06:00', 0),
('darry@gmail.com', '0AC56B336CF4649B49B2946748A4DB2686159688DDBC20FE00B7168657DE19593016A67D8982932DF0CB2C1A00AD14037778AED57AB76B53E45DB6B3A7BF29B7', 'user', '2022-03-04T05:06:00', 0),
('earry@gmail.com', '0AC56B336CF4649B49B2946748A4DB2686159688DDBC20FE00B7168657DE19593016A67D8982932DF0CB2C1A00AD14037778AED57AB76B53E45DB6B3A7BF29B7', 'user', '2022-03-04T05:06:00', 0),
('farry@gmail.com', '0AC56B336CF4649B49B2946748A4DB2686159688DDBC20FE00B7168657DE19593016A67D8982932DF0CB2C1A00AD14037778AED57AB76B53E45DB6B3A7BF29B7', 'user', '2022-03-04T05:06:00', 4);
--for authentication tests
INSERT INTO OTPClaims (Username, OTP, AuthorizationLevel, TimeCreated, FailCount) VALUES
('garry@gmail.com', '0AC56B336CF4649B49B2946748A4DB2686159688DDBC20FE00B7168657DE19593016A67D8982932DF0CB2C1A00AD14037778AED57AB76B53E45DB6B3A7BF29B7', 'user', '2022-03-04T05:06:00', 0),
('harry@gmail.com', '0AC56B336CF4649B49B2946748A4DB2686159688DDBC20FE00B7168657DE19593016A67D8982932DF0CB2C1A00AD14037778AED57AB76B53E45DB6B3A7BF29B7', 'admin', '2022-03-04T05:06:00', 0),
('iarry@gmail.com', '0AC56B336CF4649B49B2946748A4DB2686159688DDBC20FE00B7168657DE19593016A67D8982932DF0CB2C1A00AD14037778AED57AB76B53E45DB6B3A7BF29B7', 'admin', '2022-03-04T05:06:00', 0),
('sarry@gmail.com', '0AC56B336CF4649B49B2946748A4DB2686159688DDBC20FE00B7168657DE19593016A67D8982932DF0CB2C1A00AD14037778AED57AB76B53E45DB6B3A7BF29B7', 'admin', '2022-03-04T05:06:00', 0),
('jarry@gmail.com', '0AC56B336CF4649B49B2946748A4DB2686159688DDBC20FE00B7168657DE19593016A67D8982932DF0CB2C1A00AD14037778AED57AB76B53E45DB6B3A7BF29B7', 'admin', '2022-03-04T05:06:00', 0),
('karry@gmail.com', '0AC56B336CF4649B49B2946748A4DB2686159688DDBC20FE00B7168657DE19593016A67D8982932DF0CB2C1A00AD14037778AED57AB76B53E45DB6B3A7BF29B7', 'user', '2022-03-04T05:06:00', 0),
('larry@gmail.com', '0AC56B336CF4649B49B2946748A4DB2686159688DDBC20FE00B7168657DE19593016A67D8982932DF0CB2C1A00AD14037778AED57AB76B53E45DB6B3A7BF29B7', 'user', '2022-03-04T05:06:00', 0),
('marry@gmail.com', '0AC56B336CF4649B49B2946748A4DB2686159688DDBC20FE00B7168657DE19593016A67D8982932DF0CB2C1A00AD14037778AED57AB76B53E45DB6B3A7BF29B7', 'user', '2022-03-04T05:06:00', 0),
('narry@gmail.com', '0AC56B336CF4649B49B2946748A4DB2686159688DDBC20FE00B7168657DE19593016A67D8982932DF0CB2C1A00AD14037778AED57AB76B53E45DB6B3A7BF29B7', 'user', '2022-03-04T05:06:00', 4),
('oarry@gmail.com', '0AC56B336CF4649B49B2946748A4DB2686159688DDBC20FE00B7168657DE19593016A67D8982932DF0CB2C1A00AD14037778AED57AB76B53E45DB6B3A7BF29B7', 'user', '2022-03-04T05:06:00', 4),
('parry@gmail.com', '0AC56B336CF4649B49B2946748A4DB2686159688DDBC20FE00B7168657DE19593016A67D8982932DF0CB2C1A00AD14037778AED57AB76B53E45DB6B3A7BF29B7', 'user', '2022-03-04T05:06:00', 4),
('rarry@gmail.com', '0AC56B336CF4649B49B2946748A4DB2686159688DDBC20FE00B7168657DE19593016A67D8982932DF0CB2C1A00AD14037778AED57AB76B53E45DB6B3A7BF29B7', 'user', '2022-03-04T05:06:00', 4),
--api test
('qarry@gmail.com', '0AC56B336CF4649B49B2946748A4DB2686159688DDBC20FE00B7168657DE19593016A67D8982932DF0CB2C1A00AD14037778AED57AB76B53E45DB6B3A7BF29B7', 'user', '2022-03-06T18:43:00', 0);
INSERT INTO OTPClaims(Username, OTP,  AuthorizationLevel, TimeCreated, FailCount) VALUES  ('grizzly@gmail.com', 'testingotp123', 'user', GETDATE(), 0)
INSERT INTO OTPClaims(Username, OTP,  AuthorizationLevel, TimeCreated, FailCount) VALUES  ('salewa@gmail.com', 'testingotp123', 'admin', GETDATE(), 0)
INSERT INTO OTPClaims(Username, OTP,  AuthorizationLevel, TimeCreated, FailCount) VALUES  ('trizip@gmail.com', 'testingotp123', 'user', GETDATE(), 0)
INSERT INTO OTPClaims(Username, OTP,  AuthorizationLevel, TimeCreated, FailCount) VALUES  ('switchblade@gmail.com', 'testingotp123', 'admin', GETDATE(), 0)
INSERT INTO OTPClaims(Username, OTP,  AuthorizationLevel, TimeCreated, FailCount) VALUES  ('altyn@gmail.com', 'testingotp123', 'user', GETDATE(), 0)
INSERT INTO OTPClaims(Username, OTP,  AuthorizationLevel, TimeCreated, FailCount) VALUES  ('ryst@gmail.com', 'testingotp123', 'admin', GETDATE(), 0)

IF EXISTS(SELECT UserHash FROM UserHashTable WHERE UserHash = '0B1CC9CFB7380E8E7A80726D12CB997C936D95B514E7F921187119FD80996BBACA103C08EFCC39553EFF5DFC368D4D8D197C9080C7015AE4DA2E87884E7DE9A6')
	BEGIN
		UPDATE UserHashTable SET UserID = (SELECT UserID FROM Accounts WHERE Username = 'drakat7@gmail.com' AND AuthorizationLevel = 'user') WHERE UserHash = '0B1CC9CFB7380E8E7A80726D12CB997C936D95B514E7F921187119FD80996BBACA103C08EFCC39553EFF5DFC368D4D8D197C9080C7015AE4DA2E87884E7DE9A6';
		UPDATE UserHashTable SET UserID = (SELECT UserID FROM Accounts WHERE Username = 'drakat7@gmail.com' AND AuthorizationLevel = 'admin') WHERE UserHash = 'D8FC97AC79D370FC43BE4528C72B02AD7B560DC707956B77D5892504754E6C2484C07BF28243FF3CD1A2EA6F778BBBF924B384A34975D6A7D590A40CEE455A32';
		UPDATE UserHashTable SET UserID = (SELECT UserID FROM Accounts WHERE Username = 'aarry@gmail.com' AND AuthorizationLevel = 'user') WHERE UserHash = 'AE57D4CD0E7DC14F7C8C7EEF4DC8C8B833567A71021C1D123328D9B85C3825D8B72376D162C7F03C78D3CE048104A6BB0047979544F4852679D937048258558D';
		UPDATE UserHashTable SET UserID = (SELECT UserID FROM Accounts WHERE Username = 'barry@gmail.com' AND AuthorizationLevel = 'admin') WHERE UserHash = 'E5D6801551E6079FCAF2B10403FA86F9B9EC40B0D7A70256EDA0A9988ABAB4CC250681D5054D18E224DCF0CADB730BCF6E07546F2B775A0E31D64C3DC41BC159';
		UPDATE UserHashTable SET UserID = (SELECT UserID FROM Accounts WHERE Username = 'carry@gmail.com' AND AuthorizationLevel = 'user') WHERE UserHash = 'CB3C47AD9DCEFA2CAC50D472CAFA954F00476EA58B11E8F2CD32E46F4C3DC1C990867A78D484BB25E8FF2FB44CE9F99F356E275E7E2684FFF714BAC11B663FBF';
		UPDATE UserHashTable SET UserID = (SELECT UserID FROM Accounts WHERE Username = 'darry@gmail.com' AND AuthorizationLevel = 'user') WHERE UserHash = 'F188DBA08CB0C30B6FA09BD87146F15CA3D08AAABB501C5D439F8D8A33E76EA6E701E066C8DB8870895A29BCF72004E35BC0B827912F12E119BD218F5BF0BCCE';
		UPDATE UserHashTable SET UserID = (SELECT UserID FROM Accounts WHERE Username = 'earry@gmail.com' AND AuthorizationLevel = 'user') WHERE UserHash = 'E26732DF9CF51AC7668A5BA02B116070F16F11D0BE2A3BFE73F2B87D429DE5C96754D976FE474EE67A59887E8C5646AE177144E37A0D4B339CD9B3D16107F3D0';
		UPDATE UserHashTable SET UserID = (SELECT UserID FROM Accounts WHERE Username = 'farry@gmail.com' AND AuthorizationLevel = 'user') WHERE UserHash = '8F88CE35DBF55AEFCBE6CF68CEB21CDD04B2D8B9FFC0A5024F88AF94EC5E2FFAB231E549FF0E5A50F08302CFE2B2925A6D368B49D22794B710AC6F78685E0A0C';
		UPDATE UserHashTable SET UserID = (SELECT UserID FROM Accounts WHERE Username = 'garry@gmail.com' AND AuthorizationLevel = 'user') WHERE UserHash = '8C89E7886643911D171624EEFDF875F6B45C0052A761A6A713E9D26EFCF66F9D47ADD4899E98C6A8525CCB7D68F9BAB1EF1A75D4F1558726103FF0BE7B6A32B2';
		UPDATE UserHashTable SET UserID = (SELECT UserID FROM Accounts WHERE Username = 'harry@gmail.com' AND AuthorizationLevel = 'admin') WHERE UserHash = 'D8D551BF832A6BEF37557C4DEC5321EE15AD69562991FC0EEBD54711CDD58931F31661635CD64518B327ADAF8CD788A5293A0E0BD528C6D0A1EEA7F282AA9143';
		UPDATE UserHashTable SET UserID = (SELECT UserID FROM Accounts WHERE Username = 'iarry@gmail.com' AND AuthorizationLevel = 'admin') WHERE UserHash = 'C0EB8D659C0129F28EA863560115E7FB30AF64739F680A86C28850EC5BFCCD29BD9F0520899857B9BD72063F575737DFC61DCBD75DDE9F8A93E8E15ABD923F0F';
		UPDATE UserHashTable SET UserID = (SELECT UserID FROM Accounts WHERE Username = 'sarry@gmail.com' AND AuthorizationLevel = 'admin') WHERE UserHash = '4901F9B280F604E861C14451768BEF3F10E8DD9808662B76BB8BFC9A12D0DF2D2B8FC5162D0271FED66057B9F0000B1D49AC2110D168CE37CEF47E1A20304B85';
		UPDATE UserHashTable SET UserID = (SELECT UserID FROM Accounts WHERE Username = 'jarry@gmail.com' AND AuthorizationLevel = 'admin') WHERE UserHash = '3CC3F278EEDCA0885C1043D16B11527C746F881A263044440D5F8FA7C93FB8A07E0BDE21A1F3395E60BFC231B96EA08809B5A2043710AC9153E48699CA292F86';
		UPDATE UserHashTable SET UserID = (SELECT UserID FROM Accounts WHERE Username = 'karry@gmail.com' AND AuthorizationLevel = 'user') WHERE UserHash = '66B41BF3C0D1C7E958C76409230A95EC1A0F33CBC376AC146CE0A85967590B5C8DE9C2EEFDB488072EB1DE456D965078ED283EE42F0076C91BD06BB66640951B';
		UPDATE UserHashTable SET UserID = (SELECT UserID FROM Accounts WHERE Username = 'larry@gmail.com' AND AuthorizationLevel = 'user') WHERE UserHash = '7F4BA1D5E240AE1B8F8B5E5F3ECF1833ABE41B5A77B83383EF26868D77F0567EF6CEA2A3E38D54CC8AFB9E1E79DA7C215A4CE530932C13278FBBAEA7D98EDF18';
		UPDATE UserHashTable SET UserID = (SELECT UserID FROM Accounts WHERE Username = 'marry@gmail.com' AND AuthorizationLevel = 'user') WHERE UserHash = '13CE5ABC3473B264F1A413C78855DBFFBCC37C52153EF65F6FA790D66CC6146EBC2CFBEF0554C31BAB65F35A05F19EB6FB833F0393A7E07CC67B85E8B2272434';
		UPDATE UserHashTable SET UserID = (SELECT UserID FROM Accounts WHERE Username = 'narry@gmail.com' AND AuthorizationLevel = 'user') WHERE UserHash = 'FCB748D5CC578967ECDC2E7DA7A5128AD7AE0198C460EDE2205161CAC3F794484E5BE6AB93B0ED10E6E766461AC37E754F549B6D0B523C2903FC1CD14DEAA3D9';
		UPDATE UserHashTable SET UserID = (SELECT UserID FROM Accounts WHERE Username = 'oarry@gmail.com' AND AuthorizationLevel = 'user') WHERE UserHash = '700F13E5C73A02ED040D5F5D06BCD381C05639967F3B2F81F8BB6ED72CF89C4FB6B8BB67C9C3D4318A5260F3BE8CAAF9AD8A65210CA7CC751F7B66AE7DEE7A48';
		UPDATE UserHashTable SET UserID = (SELECT UserID FROM Accounts WHERE Username = 'parry@gmail.com' AND AuthorizationLevel = 'user') WHERE UserHash = '531267DC5B626D7E54C51CB1F9B5A4E786FBDB53C0F62A851DDE68C7F9A402AA852B3654BFDE4C94B68603C603F88AC0F0FF67A4A4E7849EB244F1DF5237CEF1';
		UPDATE UserHashTable SET UserID = (SELECT UserID FROM Accounts WHERE Username = 'rarry@gmail.com' AND AuthorizationLevel = 'user') WHERE UserHash = '96077B964424761F51F2A59340F0E40ADB225C69087AD599D13E8622BEA4A0EABBD0BFEEBAAF9CD4F9CDFA2AE765630B9AD9C0668E5BF9C5F1CAD6EA7F96FE92';
		UPDATE UserHashTable SET UserID = (SELECT UserID FROM Accounts WHERE Username = 'qarry@gmail.com' AND AuthorizationLevel = 'user') WHERE UserHash = '104FE34A615CA8D52BDF5AF486999767CD43DEF539FD52973B5CFB6A08753AB0382AD2111530F50B5614B9E6F6333CCB3DA65F9E25E81F5B8305CFAAC2A76303';
		UPDATE UserHashTable SET UserID = (SELECT UserID FROM Accounts WHERE Username = 'guest' AND AuthorizationLevel = 'guest') WHERE UserHash = 'E64C56A055B741393268F7EE26EF3AA00FC58D6272C06DE31932B71EB965A68CCB9F32AEBD74E25708AD501C7D7AAA1E5C4CE4C9010149FBA08B2C5351A57F34';
		UPDATE UserHashTable SET UserID = (SELECT UserID FROM Accounts WHERE Username = 'grizzly@gmail.com' AND AuthorizationLevel = 'user') WHERE UserHash = '87ec69f0ab41c3dcb31e01dcf9942d756501b421887524a1e691dff69a698cf1d46c26b68f73dddb29a7d2729eddf43580bab9a5002d2289c0c7bf4d5db7c7ae';
		UPDATE UserHashTable SET UserID = (SELECT UserID FROM Accounts WHERE Username = 'salewa@gmail.com' AND AuthorizationLevel = 'admin') WHERE UserHash = 'c53f20310cb3a9b309086cf3010d94444fc45d159cad810f9b5c6aed9a698a0e277a3246761ba2493590b7fdddcd7009439796f058adba014d0ad43086fa9b3f';
		UPDATE UserHashTable SET UserID = (SELECT UserID FROM Accounts WHERE Username = 'trizip@gmail.com' AND AuthorizationLevel = 'user') WHERE UserHash = '278db29e1ad1c3e5ee52feefa738bc20ee32af5b33ee0c25f5b73eee3599839771381a750d3f67e14c14978208559509c83d60d4f425ace728ebb8305875138f';
		UPDATE UserHashTable SET UserID = (SELECT UserID FROM Accounts WHERE Username = 'switchblade@gmail.com' AND AuthorizationLevel = 'admin') WHERE UserHash = 'e4ab115f44c7d8c9d5f2465043ac9f02dc1432697273a08400c2c8facdd94cce6fa69663ae44463378b79588f7ee178e1e98c16161e485f74ddc139daef1bced';
		UPDATE UserHashTable SET UserID = (SELECT UserID FROM Accounts WHERE Username = 'altyn@gmail.com' AND AuthorizationLevel = 'user') WHERE UserHash = '73cccb45ef608e4e6d1c08e8ad1680edd506e358989fe29ecf2444737afab1bcab4af3f018e27e892eeb50090e5a9297dd8ac4d94e661680359ec4af2ed99075';
		UPDATE UserHashTable SET UserID = (SELECT UserID FROM Accounts WHERE Username = 'ryst@gmail.com' AND AuthorizationLevel = 'admin') WHERE UserHash = '2bae41cca36995bd81ee7c78e2d2791351883c5296d120e2867b035e8548d4f0a48e31aacd423cf4c70a1a945bb9e00e8911ac8f0be7cc5415d7c38eaf092e6b';
	END
ELSE
	BEGIN
		INSERT INTO UserHashTable(UserID, UserHash) VALUES
		((SELECT UserID FROM Accounts WHERE Username = 'drakat7@gmail.com' AND AuthorizationLevel = 'user'), '0B1CC9CFB7380E8E7A80726D12CB997C936D95B514E7F921187119FD80996BBACA103C08EFCC39553EFF5DFC368D4D8D197C9080C7015AE4DA2E87884E7DE9A6'),
		((SELECT UserID FROM Accounts WHERE Username = 'drakat7@gmail.com' AND AuthorizationLevel = 'admin'), 'D8FC97AC79D370FC43BE4528C72B02AD7B560DC707956B77D5892504754E6C2484C07BF28243FF3CD1A2EA6F778BBBF924B384A34975D6A7D590A40CEE455A32'),
		((SELECT UserID FROM Accounts WHERE Username = 'aarry@gmail.com' AND AuthorizationLevel = 'user'), 'AE57D4CD0E7DC14F7C8C7EEF4DC8C8B833567A71021C1D123328D9B85C3825D8B72376D162C7F03C78D3CE048104A6BB0047979544F4852679D937048258558D'),
		((SELECT UserID FROM Accounts WHERE Username = 'barry@gmail.com' AND AuthorizationLevel = 'admin'), 'E5D6801551E6079FCAF2B10403FA86F9B9EC40B0D7A70256EDA0A9988ABAB4CC250681D5054D18E224DCF0CADB730BCF6E07546F2B775A0E31D64C3DC41BC159'),
		((SELECT UserID FROM Accounts WHERE Username = 'carry@gmail.com' AND AuthorizationLevel = 'user'), 'CB3C47AD9DCEFA2CAC50D472CAFA954F00476EA58B11E8F2CD32E46F4C3DC1C990867A78D484BB25E8FF2FB44CE9F99F356E275E7E2684FFF714BAC11B663FBF'),
		((SELECT UserID FROM Accounts WHERE Username = 'darry@gmail.com' AND AuthorizationLevel = 'user'), 'F188DBA08CB0C30B6FA09BD87146F15CA3D08AAABB501C5D439F8D8A33E76EA6E701E066C8DB8870895A29BCF72004E35BC0B827912F12E119BD218F5BF0BCCE'),
		((SELECT UserID FROM Accounts WHERE Username = 'earry@gmail.com' AND AuthorizationLevel = 'user'), 'E26732DF9CF51AC7668A5BA02B116070F16F11D0BE2A3BFE73F2B87D429DE5C96754D976FE474EE67A59887E8C5646AE177144E37A0D4B339CD9B3D16107F3D0'),
		((SELECT UserID FROM Accounts WHERE Username = 'farry@gmail.com' AND AuthorizationLevel = 'user'), '8F88CE35DBF55AEFCBE6CF68CEB21CDD04B2D8B9FFC0A5024F88AF94EC5E2FFAB231E549FF0E5A50F08302CFE2B2925A6D368B49D22794B710AC6F78685E0A0C'),
		((SELECT UserID FROM Accounts WHERE Username = 'garry@gmail.com' AND AuthorizationLevel = 'user'), '8C89E7886643911D171624EEFDF875F6B45C0052A761A6A713E9D26EFCF66F9D47ADD4899E98C6A8525CCB7D68F9BAB1EF1A75D4F1558726103FF0BE7B6A32B2'),
		((SELECT UserID FROM Accounts WHERE Username = 'harry@gmail.com' AND AuthorizationLevel = 'admin'), 'D8D551BF832A6BEF37557C4DEC5321EE15AD69562991FC0EEBD54711CDD58931F31661635CD64518B327ADAF8CD788A5293A0E0BD528C6D0A1EEA7F282AA9143'),
		((SELECT UserID FROM Accounts WHERE Username = 'iarry@gmail.com' AND AuthorizationLevel = 'admin'), 'C0EB8D659C0129F28EA863560115E7FB30AF64739F680A86C28850EC5BFCCD29BD9F0520899857B9BD72063F575737DFC61DCBD75DDE9F8A93E8E15ABD923F0F'),
		((SELECT UserID FROM Accounts WHERE Username = 'sarry@gmail.com' AND AuthorizationLevel = 'admin'), '4901F9B280F604E861C14451768BEF3F10E8DD9808662B76BB8BFC9A12D0DF2D2B8FC5162D0271FED66057B9F0000B1D49AC2110D168CE37CEF47E1A20304B85'),
		((SELECT UserID FROM Accounts WHERE Username = 'jarry@gmail.com' AND AuthorizationLevel = 'admin'), '3CC3F278EEDCA0885C1043D16B11527C746F881A263044440D5F8FA7C93FB8A07E0BDE21A1F3395E60BFC231B96EA08809B5A2043710AC9153E48699CA292F86'),
		((SELECT UserID FROM Accounts WHERE Username = 'karry@gmail.com' AND AuthorizationLevel = 'user'), '66B41BF3C0D1C7E958C76409230A95EC1A0F33CBC376AC146CE0A85967590B5C8DE9C2EEFDB488072EB1DE456D965078ED283EE42F0076C91BD06BB66640951B'),
		((SELECT UserID FROM Accounts WHERE Username = 'larry@gmail.com' AND AuthorizationLevel = 'user'), '7F4BA1D5E240AE1B8F8B5E5F3ECF1833ABE41B5A77B83383EF26868D77F0567EF6CEA2A3E38D54CC8AFB9E1E79DA7C215A4CE530932C13278FBBAEA7D98EDF18'),
		((SELECT UserID FROM Accounts WHERE Username = 'marry@gmail.com' AND AuthorizationLevel = 'user'), '13CE5ABC3473B264F1A413C78855DBFFBCC37C52153EF65F6FA790D66CC6146EBC2CFBEF0554C31BAB65F35A05F19EB6FB833F0393A7E07CC67B85E8B2272434'),
		((SELECT UserID FROM Accounts WHERE Username = 'narry@gmail.com' AND AuthorizationLevel = 'user'), 'FCB748D5CC578967ECDC2E7DA7A5128AD7AE0198C460EDE2205161CAC3F794484E5BE6AB93B0ED10E6E766461AC37E754F549B6D0B523C2903FC1CD14DEAA3D9'),
		((SELECT UserID FROM Accounts WHERE Username = 'oarry@gmail.com' AND AuthorizationLevel = 'user'), '700F13E5C73A02ED040D5F5D06BCD381C05639967F3B2F81F8BB6ED72CF89C4FB6B8BB67C9C3D4318A5260F3BE8CAAF9AD8A65210CA7CC751F7B66AE7DEE7A48'),
		((SELECT UserID FROM Accounts WHERE Username = 'parry@gmail.com' AND AuthorizationLevel = 'user'), '531267DC5B626D7E54C51CB1F9B5A4E786FBDB53C0F62A851DDE68C7F9A402AA852B3654BFDE4C94B68603C603F88AC0F0FF67A4A4E7849EB244F1DF5237CEF1'),
		((SELECT UserID FROM Accounts WHERE Username = 'rarry@gmail.com' AND AuthorizationLevel = 'user'), '96077B964424761F51F2A59340F0E40ADB225C69087AD599D13E8622BEA4A0EABBD0BFEEBAAF9CD4F9CDFA2AE765630B9AD9C0668E5BF9C5F1CAD6EA7F96FE92'),
		((SELECT UserID FROM Accounts WHERE Username = 'qarry@gmail.com' AND AuthorizationLevel = 'user'), '104FE34A615CA8D52BDF5AF486999767CD43DEF539FD52973B5CFB6A08753AB0382AD2111530F50B5614B9E6F6333CCB3DA65F9E25E81F5B8305CFAAC2A76303'),
		((SELECT UserID FROM Accounts WHERE Username = 'guest' AND AuthorizationLevel = 'guest'), 'E64C56A055B741393268F7EE26EF3AA00FC58D6272C06DE31932B71EB965A68CCB9F32AEBD74E25708AD501C7D7AAA1E5C4CE4C9010149FBA08B2C5351A57F34'),
		((SELECT UserID FROM Accounts WHERE Username = 'grizzly@gmail.com' AND AuthorizationLevel = 'user'), '87ec69f0ab41c3dcb31e01dcf9942d756501b421887524a1e691dff69a698cf1d46c26b68f73dddb29a7d2729eddf43580bab9a5002d2289c0c7bf4d5db7c7ae'),
		((SELECT UserID FROM Accounts WHERE Username = 'salewa@gmail.com' AND AuthorizationLevel = 'admin'), 'c53f20310cb3a9b309086cf3010d94444fc45d159cad810f9b5c6aed9a698a0e277a3246761ba2493590b7fdddcd7009439796f058adba014d0ad43086fa9b3f'),
		((SELECT UserID FROM Accounts WHERE Username = 'trizip@gmail.com' AND AuthorizationLevel = 'user'), '278db29e1ad1c3e5ee52feefa738bc20ee32af5b33ee0c25f5b73eee3599839771381a750d3f67e14c14978208559509c83d60d4f425ace728ebb8305875138f'),
		((SELECT UserID FROM Accounts WHERE Username = 'switchblade@gmail.com' AND AuthorizationLevel = 'admin'), 'e4ab115f44c7d8c9d5f2465043ac9f02dc1432697273a08400c2c8facdd94cce6fa69663ae44463378b79588f7ee178e1e98c16161e485f74ddc139daef1bced'),
		((SELECT UserID FROM Accounts WHERE Username = 'altyn@gmail.com' AND AuthorizationLevel = 'user'), '73cccb45ef608e4e6d1c08e8ad1680edd506e358989fe29ecf2444737afab1bcab4af3f018e27e892eeb50090e5a9297dd8ac4d94e661680359ec4af2ed99075'),
		((SELECT UserID FROM Accounts WHERE Username = 'ryst@gmail.com' AND AuthorizationLevel = 'admin'), '2bae41cca36995bd81ee7c78e2d2791351883c5296d120e2867b035e8548d4f0a48e31aacd423cf4c70a1a945bb9e00e8911ac8f0be7cc5415d7c38eaf092e6b');
	END

INSERT INTO ArchiveLogs(Timestamp, Level, UserHash, Category, Description) VALUES
('2022-02-06T18:43:00', 'Server', '0B1CC9CFB7380E8E7A80726D12CB997C936D95B514E7F921187119FD80996BBACA103C08EFCC39553EFF5DFC368D4D8D197C9080C7015AE4DA2E87884E7DE9A6', 'Info', 'This is a test.'),
('2022-02-07T18:43:00', 'Server', '0B1CC9CFB7380E8E7A80726D12CB997C936D95B514E7F921187119FD80996BBACA103C08EFCC39553EFF5DFC368D4D8D197C9080C7015AE4DA2E87884E7DE9A6', 'Info', 'This is a test.'),
('2022-02-08T18:43:00', 'Server', '0B1CC9CFB7380E8E7A80726D12CB997C936D95B514E7F921187119FD80996BBACA103C08EFCC39553EFF5DFC368D4D8D197C9080C7015AE4DA2E87884E7DE9A6', 'Info', 'This is a test.'),
('2022-02-09T18:43:00', 'Server', '0B1CC9CFB7380E8E7A80726D12CB997C936D95B514E7F921187119FD80996BBACA103C08EFCC39553EFF5DFC368D4D8D197C9080C7015AE4DA2E87884E7DE9A6', 'Info', 'This is a test.'),
('2022-02-10T18:43:00', 'Server', '0B1CC9CFB7380E8E7A80726D12CB997C936D95B514E7F921187119FD80996BBACA103C08EFCC39553EFF5DFC368D4D8D197C9080C7015AE4DA2E87884E7DE9A6', 'Info', 'This is a test.'),
('2022-02-11T18:43:00', 'Server', '0B1CC9CFB7380E8E7A80726D12CB997C936D95B514E7F921187119FD80996BBACA103C08EFCC39553EFF5DFC368D4D8D197C9080C7015AE4DA2E87884E7DE9A6', 'Info', 'This is a test.');

INSERT INTO Nodes(UserHash, ParentNodeID, NodeTitle, Summary, TimeModified, Visibility, Deleted) VALUES
('0B1CC9CFB7380E8E7A80726D12CB997C936D95B514E7F921187119FD80996BBACA103C08EFCC39553EFF5DFC368D4D8D197C9080C7015AE4DA2E87884E7DE9A6', 1, 'Cooking', 'This is a test node.', '2022-04-17T00:00:00', 1, 0),
('0B1CC9CFB7380E8E7A80726D12CB997C936D95B514E7F921187119FD80996BBACA103C08EFCC39553EFF5DFC368D4D8D197C9080C7015AE4DA2E87884E7DE9A6', 1, 'Cooking Pasta', 'This is a test node.', '2022-04-18T00:00:00', 1, 0),
('0B1CC9CFB7380E8E7A80726D12CB997C936D95B514E7F921187119FD80996BBACA103C08EFCC39553EFF5DFC368D4D8D197C9080C7015AE4DA2E87884E7DE9A6', 1, 'Cooking Rice', 'This is a test node.', '2022-04-19T00:00:00', 1, 0),
('D8FC97AC79D370FC43BE4528C72B02AD7B560DC707956B77D5892504754E6C2484C07BF28243FF3CD1A2EA6F778BBBF924B384A34975D6A7D590A40CEE455A32', 4, 'Cooking', 'This is a test node.', '2022-04-17T00:00:00', 1, 0),
('D8FC97AC79D370FC43BE4528C72B02AD7B560DC707956B77D5892504754E6C2484C07BF28243FF3CD1A2EA6F778BBBF924B384A34975D6A7D590A40CEE455A32', 4, 'Cooking Pasta', 'This is a test node.', '2022-04-18T00:00:00', 1, 0),
('D8FC97AC79D370FC43BE4528C72B02AD7B560DC707956B77D5892504754E6C2484C07BF28243FF3CD1A2EA6F778BBBF924B384A34975D6A7D590A40CEE455A32', 4, 'Cooking Rice', 'This is a test node.', '2022-04-19T00:00:00', 1, 0),
('AE57D4CD0E7DC14F7C8C7EEF4DC8C8B833567A71021C1D123328D9B85C3825D8B72376D162C7F03C78D3CE048104A6BB0047979544F4852679D937048258558D', 7, 'Cooking', 'This is a test node.', '2022-04-19T00:00:00', 1, 0),
('E5D6801551E6079FCAF2B10403FA86F9B9EC40B0D7A70256EDA0A9988ABAB4CC250681D5054D18E224DCF0CADB730BCF6E07546F2B775A0E31D64C3DC41BC159', 8, 'Cooking', 'This is a test node.', '2022-04-19T00:00:00', 1, 0),
('AE57D4CD0E7DC14F7C8C7EEF4DC8C8B833567A71021C1D123328D9B85C3825D8B72376D162C7F03C78D3CE048104A6BB0047979544F4852679D937048258558D', 7, 'Cooking Pasta', 'This is a test node.', '2022-04-19T00:00:00', 1, 0),
('CB3C47AD9DCEFA2CAC50D472CAFA954F00476EA58B11E8F2CD32E46F4C3DC1C990867A78D484BB25E8FF2FB44CE9F99F356E275E7E2684FFF714BAC11B663FBF', 10, 'Cooking', 'This is a test node.', '2022-04-19T00:00:00', 0, 0),
('E5D6801551E6079FCAF2B10403FA86F9B9EC40B0D7A70256EDA0A9988ABAB4CC250681D5054D18E224DCF0CADB730BCF6E07546F2B775A0E31D64C3DC41BC159', 8, 'Cooking Pasta', 'This is a test node.', '2022-04-19T00:00:00', 0, 1),
('CB3C47AD9DCEFA2CAC50D472CAFA954F00476EA58B11E8F2CD32E46F4C3DC1C990867A78D484BB25E8FF2FB44CE9F99F356E275E7E2684FFF714BAC11B663FBF', 10, 'Cooking Pasta', 'This is a test node.', '2022-04-19T00:00:00', 1, 1);

INSERT INTO NodeTags(TagName, NodeID) VALUES
('cooking', (SELECT NodeID FROM Nodes WHERE UserHash = '0B1CC9CFB7380E8E7A80726D12CB997C936D95B514E7F921187119FD80996BBACA103C08EFCC39553EFF5DFC368D4D8D197C9080C7015AE4DA2E87884E7DE9A6' AND NodeTitle = 'Cooking')),
('cooking', (SELECT NodeID FROM Nodes WHERE UserHash = '0B1CC9CFB7380E8E7A80726D12CB997C936D95B514E7F921187119FD80996BBACA103C08EFCC39553EFF5DFC368D4D8D197C9080C7015AE4DA2E87884E7DE9A6' AND NodeTitle = 'Cooking Pasta')),
('cooking', (SELECT NodeID FROM Nodes WHERE UserHash = 'D8FC97AC79D370FC43BE4528C72B02AD7B560DC707956B77D5892504754E6C2484C07BF28243FF3CD1A2EA6F778BBBF924B384A34975D6A7D590A40CEE455A32' AND NodeTitle = 'Cooking Pasta')),
('cooking', (SELECT NodeID FROM Nodes WHERE UserHash = 'D8FC97AC79D370FC43BE4528C72B02AD7B560DC707956B77D5892504754E6C2484C07BF28243FF3CD1A2EA6F778BBBF924B384A34975D6A7D590A40CEE455A32' AND NodeTitle = 'Cooking Rice')),
('cooking', (SELECT NodeID FROM Nodes WHERE UserHash = 'AE57D4CD0E7DC14F7C8C7EEF4DC8C8B833567A71021C1D123328D9B85C3825D8B72376D162C7F03C78D3CE048104A6BB0047979544F4852679D937048258558D' AND NodeTitle = 'Cooking')),
('cooking', (SELECT NodeID FROM Nodes WHERE UserHash = 'E5D6801551E6079FCAF2B10403FA86F9B9EC40B0D7A70256EDA0A9988ABAB4CC250681D5054D18E224DCF0CADB730BCF6E07546F2B775A0E31D64C3DC41BC159' AND NodeTitle = 'Cooking')),
('cooking', (SELECT NodeID FROM Nodes WHERE UserHash = 'AE57D4CD0E7DC14F7C8C7EEF4DC8C8B833567A71021C1D123328D9B85C3825D8B72376D162C7F03C78D3CE048104A6BB0047979544F4852679D937048258558D' AND NodeTitle = 'Cooking Pasta')),

('food', (SELECT NodeID FROM Nodes WHERE UserHash = '0B1CC9CFB7380E8E7A80726D12CB997C936D95B514E7F921187119FD80996BBACA103C08EFCC39553EFF5DFC368D4D8D197C9080C7015AE4DA2E87884E7DE9A6' AND NodeTitle = 'Cooking')),
('food', (SELECT NodeID FROM Nodes WHERE UserHash = '0B1CC9CFB7380E8E7A80726D12CB997C936D95B514E7F921187119FD80996BBACA103C08EFCC39553EFF5DFC368D4D8D197C9080C7015AE4DA2E87884E7DE9A6' AND NodeTitle = 'Cooking Pasta')),
('food', (SELECT NodeID FROM Nodes WHERE UserHash = 'E5D6801551E6079FCAF2B10403FA86F9B9EC40B0D7A70256EDA0A9988ABAB4CC250681D5054D18E224DCF0CADB730BCF6E07546F2B775A0E31D64C3DC41BC159' AND NodeTitle = 'Cooking')),
('food', (SELECT NodeID FROM Nodes WHERE UserHash = 'AE57D4CD0E7DC14F7C8C7EEF4DC8C8B833567A71021C1D123328D9B85C3825D8B72376D162C7F03C78D3CE048104A6BB0047979544F4852679D937048258558D' AND NodeTitle = 'Cooking Pasta'));

INSERT INTO NodeRatings(UserHash, NodeID, Rating) VALUES
('0B1CC9CFB7380E8E7A80726D12CB997C936D95B514E7F921187119FD80996BBACA103C08EFCC39553EFF5DFC368D4D8D197C9080C7015AE4DA2E87884E7DE9A6', (SELECT NodeID FROM Nodes WHERE UserHash = '0B1CC9CFB7380E8E7A80726D12CB997C936D95B514E7F921187119FD80996BBACA103C08EFCC39553EFF5DFC368D4D8D197C9080C7015AE4DA2E87884E7DE9A6' AND NodeTitle = 'Cooking'), 1),
('D8FC97AC79D370FC43BE4528C72B02AD7B560DC707956B77D5892504754E6C2484C07BF28243FF3CD1A2EA6F778BBBF924B384A34975D6A7D590A40CEE455A32', (SELECT NodeID FROM Nodes WHERE UserHash = '0B1CC9CFB7380E8E7A80726D12CB997C936D95B514E7F921187119FD80996BBACA103C08EFCC39553EFF5DFC368D4D8D197C9080C7015AE4DA2E87884E7DE9A6' AND NodeTitle = 'Cooking'), 2),
('AE57D4CD0E7DC14F7C8C7EEF4DC8C8B833567A71021C1D123328D9B85C3825D8B72376D162C7F03C78D3CE048104A6BB0047979544F4852679D937048258558D', (SELECT NodeID FROM Nodes WHERE UserHash = '0B1CC9CFB7380E8E7A80726D12CB997C936D95B514E7F921187119FD80996BBACA103C08EFCC39553EFF5DFC368D4D8D197C9080C7015AE4DA2E87884E7DE9A6' AND NodeTitle = 'Cooking'), 3),
('E5D6801551E6079FCAF2B10403FA86F9B9EC40B0D7A70256EDA0A9988ABAB4CC250681D5054D18E224DCF0CADB730BCF6E07546F2B775A0E31D64C3DC41BC159', (SELECT NodeID FROM Nodes WHERE UserHash = '0B1CC9CFB7380E8E7A80726D12CB997C936D95B514E7F921187119FD80996BBACA103C08EFCC39553EFF5DFC368D4D8D197C9080C7015AE4DA2E87884E7DE9A6' AND NodeTitle = 'Cooking'), 4),
('CB3C47AD9DCEFA2CAC50D472CAFA954F00476EA58B11E8F2CD32E46F4C3DC1C990867A78D484BB25E8FF2FB44CE9F99F356E275E7E2684FFF714BAC11B663FBF', (SELECT NodeID FROM Nodes WHERE UserHash = '0B1CC9CFB7380E8E7A80726D12CB997C936D95B514E7F921187119FD80996BBACA103C08EFCC39553EFF5DFC368D4D8D197C9080C7015AE4DA2E87884E7DE9A6' AND NodeTitle = 'Cooking'), 5),
('0B1CC9CFB7380E8E7A80726D12CB997C936D95B514E7F921187119FD80996BBACA103C08EFCC39553EFF5DFC368D4D8D197C9080C7015AE4DA2E87884E7DE9A6', (SELECT NodeID FROM Nodes WHERE UserHash = '0B1CC9CFB7380E8E7A80726D12CB997C936D95B514E7F921187119FD80996BBACA103C08EFCC39553EFF5DFC368D4D8D197C9080C7015AE4DA2E87884E7DE9A6' AND NodeTitle = 'Cooking Pasta'), 1),
('D8FC97AC79D370FC43BE4528C72B02AD7B560DC707956B77D5892504754E6C2484C07BF28243FF3CD1A2EA6F778BBBF924B384A34975D6A7D590A40CEE455A32', (SELECT NodeID FROM Nodes WHERE UserHash = '0B1CC9CFB7380E8E7A80726D12CB997C936D95B514E7F921187119FD80996BBACA103C08EFCC39553EFF5DFC368D4D8D197C9080C7015AE4DA2E87884E7DE9A6' AND NodeTitle = 'Cooking Pasta'), 2),
('AE57D4CD0E7DC14F7C8C7EEF4DC8C8B833567A71021C1D123328D9B85C3825D8B72376D162C7F03C78D3CE048104A6BB0047979544F4852679D937048258558D', (SELECT NodeID FROM Nodes WHERE UserHash = '0B1CC9CFB7380E8E7A80726D12CB997C936D95B514E7F921187119FD80996BBACA103C08EFCC39553EFF5DFC368D4D8D197C9080C7015AE4DA2E87884E7DE9A6' AND NodeTitle = 'Cooking Pasta'), 3),
('E5D6801551E6079FCAF2B10403FA86F9B9EC40B0D7A70256EDA0A9988ABAB4CC250681D5054D18E224DCF0CADB730BCF6E07546F2B775A0E31D64C3DC41BC159', (SELECT NodeID FROM Nodes WHERE UserHash = '0B1CC9CFB7380E8E7A80726D12CB997C936D95B514E7F921187119FD80996BBACA103C08EFCC39553EFF5DFC368D4D8D197C9080C7015AE4DA2E87884E7DE9A6' AND NodeTitle = 'Cooking Pasta'), 4),
('CB3C47AD9DCEFA2CAC50D472CAFA954F00476EA58B11E8F2CD32E46F4C3DC1C990867A78D484BB25E8FF2FB44CE9F99F356E275E7E2684FFF714BAC11B663FBF', (SELECT NodeID FROM Nodes WHERE UserHash = '0B1CC9CFB7380E8E7A80726D12CB997C936D95B514E7F921187119FD80996BBACA103C08EFCC39553EFF5DFC368D4D8D197C9080C7015AE4DA2E87884E7DE9A6' AND NodeTitle = 'Cooking Pasta'), 5),
('0B1CC9CFB7380E8E7A80726D12CB997C936D95B514E7F921187119FD80996BBACA103C08EFCC39553EFF5DFC368D4D8D197C9080C7015AE4DA2E87884E7DE9A6', (SELECT NodeID FROM Nodes WHERE UserHash = '0B1CC9CFB7380E8E7A80726D12CB997C936D95B514E7F921187119FD80996BBACA103C08EFCC39553EFF5DFC368D4D8D197C9080C7015AE4DA2E87884E7DE9A6' AND NodeTitle = 'Cooking Rice'), 1),
('D8FC97AC79D370FC43BE4528C72B02AD7B560DC707956B77D5892504754E6C2484C07BF28243FF3CD1A2EA6F778BBBF924B384A34975D6A7D590A40CEE455A32', (SELECT NodeID FROM Nodes WHERE UserHash = '0B1CC9CFB7380E8E7A80726D12CB997C936D95B514E7F921187119FD80996BBACA103C08EFCC39553EFF5DFC368D4D8D197C9080C7015AE4DA2E87884E7DE9A6' AND NodeTitle = 'Cooking Rice'), 1),
('AE57D4CD0E7DC14F7C8C7EEF4DC8C8B833567A71021C1D123328D9B85C3825D8B72376D162C7F03C78D3CE048104A6BB0047979544F4852679D937048258558D', (SELECT NodeID FROM Nodes WHERE UserHash = '0B1CC9CFB7380E8E7A80726D12CB997C936D95B514E7F921187119FD80996BBACA103C08EFCC39553EFF5DFC368D4D8D197C9080C7015AE4DA2E87884E7DE9A6' AND NodeTitle = 'Cooking Rice'), 1),
('E5D6801551E6079FCAF2B10403FA86F9B9EC40B0D7A70256EDA0A9988ABAB4CC250681D5054D18E224DCF0CADB730BCF6E07546F2B775A0E31D64C3DC41BC159', (SELECT NodeID FROM Nodes WHERE UserHash = '0B1CC9CFB7380E8E7A80726D12CB997C936D95B514E7F921187119FD80996BBACA103C08EFCC39553EFF5DFC368D4D8D197C9080C7015AE4DA2E87884E7DE9A6' AND NodeTitle = 'Cooking Rice'), 1),
('CB3C47AD9DCEFA2CAC50D472CAFA954F00476EA58B11E8F2CD32E46F4C3DC1C990867A78D484BB25E8FF2FB44CE9F99F356E275E7E2684FFF714BAC11B663FBF', (SELECT NodeID FROM Nodes WHERE UserHash = '0B1CC9CFB7380E8E7A80726D12CB997C936D95B514E7F921187119FD80996BBACA103C08EFCC39553EFF5DFC368D4D8D197C9080C7015AE4DA2E87884E7DE9A6' AND NodeTitle = 'Cooking Rice'), 1),
('0B1CC9CFB7380E8E7A80726D12CB997C936D95B514E7F921187119FD80996BBACA103C08EFCC39553EFF5DFC368D4D8D197C9080C7015AE4DA2E87884E7DE9A6', (SELECT NodeID FROM Nodes WHERE UserHash = 'D8FC97AC79D370FC43BE4528C72B02AD7B560DC707956B77D5892504754E6C2484C07BF28243FF3CD1A2EA6F778BBBF924B384A34975D6A7D590A40CEE455A32' AND NodeTitle = 'Cooking'), 1),
('D8FC97AC79D370FC43BE4528C72B02AD7B560DC707956B77D5892504754E6C2484C07BF28243FF3CD1A2EA6F778BBBF924B384A34975D6A7D590A40CEE455A32', (SELECT NodeID FROM Nodes WHERE UserHash = 'D8FC97AC79D370FC43BE4528C72B02AD7B560DC707956B77D5892504754E6C2484C07BF28243FF3CD1A2EA6F778BBBF924B384A34975D6A7D590A40CEE455A32' AND NodeTitle = 'Cooking'), 1),
('AE57D4CD0E7DC14F7C8C7EEF4DC8C8B833567A71021C1D123328D9B85C3825D8B72376D162C7F03C78D3CE048104A6BB0047979544F4852679D937048258558D', (SELECT NodeID FROM Nodes WHERE UserHash = 'D8FC97AC79D370FC43BE4528C72B02AD7B560DC707956B77D5892504754E6C2484C07BF28243FF3CD1A2EA6F778BBBF924B384A34975D6A7D590A40CEE455A32' AND NodeTitle = 'Cooking'), 1),
('E5D6801551E6079FCAF2B10403FA86F9B9EC40B0D7A70256EDA0A9988ABAB4CC250681D5054D18E224DCF0CADB730BCF6E07546F2B775A0E31D64C3DC41BC159', (SELECT NodeID FROM Nodes WHERE UserHash = 'D8FC97AC79D370FC43BE4528C72B02AD7B560DC707956B77D5892504754E6C2484C07BF28243FF3CD1A2EA6F778BBBF924B384A34975D6A7D590A40CEE455A32' AND NodeTitle = 'Cooking'), 1),
('CB3C47AD9DCEFA2CAC50D472CAFA954F00476EA58B11E8F2CD32E46F4C3DC1C990867A78D484BB25E8FF2FB44CE9F99F356E275E7E2684FFF714BAC11B663FBF', (SELECT NodeID FROM Nodes WHERE UserHash = 'D8FC97AC79D370FC43BE4528C72B02AD7B560DC707956B77D5892504754E6C2484C07BF28243FF3CD1A2EA6F778BBBF924B384A34975D6A7D590A40CEE455A32' AND NodeTitle = 'Cooking'), 1),
('0B1CC9CFB7380E8E7A80726D12CB997C936D95B514E7F921187119FD80996BBACA103C08EFCC39553EFF5DFC368D4D8D197C9080C7015AE4DA2E87884E7DE9A6', (SELECT NodeID FROM Nodes WHERE UserHash = 'AE57D4CD0E7DC14F7C8C7EEF4DC8C8B833567A71021C1D123328D9B85C3825D8B72376D162C7F03C78D3CE048104A6BB0047979544F4852679D937048258558D' AND NodeTitle = 'Cooking'), 1),
('D8FC97AC79D370FC43BE4528C72B02AD7B560DC707956B77D5892504754E6C2484C07BF28243FF3CD1A2EA6F778BBBF924B384A34975D6A7D590A40CEE455A32', (SELECT NodeID FROM Nodes WHERE UserHash = 'AE57D4CD0E7DC14F7C8C7EEF4DC8C8B833567A71021C1D123328D9B85C3825D8B72376D162C7F03C78D3CE048104A6BB0047979544F4852679D937048258558D' AND NodeTitle = 'Cooking'), 2),
('AE57D4CD0E7DC14F7C8C7EEF4DC8C8B833567A71021C1D123328D9B85C3825D8B72376D162C7F03C78D3CE048104A6BB0047979544F4852679D937048258558D', (SELECT NodeID FROM Nodes WHERE UserHash = 'AE57D4CD0E7DC14F7C8C7EEF4DC8C8B833567A71021C1D123328D9B85C3825D8B72376D162C7F03C78D3CE048104A6BB0047979544F4852679D937048258558D' AND NodeTitle = 'Cooking'), 3),
('E5D6801551E6079FCAF2B10403FA86F9B9EC40B0D7A70256EDA0A9988ABAB4CC250681D5054D18E224DCF0CADB730BCF6E07546F2B775A0E31D64C3DC41BC159', (SELECT NodeID FROM Nodes WHERE UserHash = 'AE57D4CD0E7DC14F7C8C7EEF4DC8C8B833567A71021C1D123328D9B85C3825D8B72376D162C7F03C78D3CE048104A6BB0047979544F4852679D937048258558D' AND NodeTitle = 'Cooking'), 4),
('CB3C47AD9DCEFA2CAC50D472CAFA954F00476EA58B11E8F2CD32E46F4C3DC1C990867A78D484BB25E8FF2FB44CE9F99F356E275E7E2684FFF714BAC11B663FBF', (SELECT NodeID FROM Nodes WHERE UserHash = 'AE57D4CD0E7DC14F7C8C7EEF4DC8C8B833567A71021C1D123328D9B85C3825D8B72376D162C7F03C78D3CE048104A6BB0047979544F4852679D937048258558D' AND NodeTitle = 'Cooking'), 5),
('0B1CC9CFB7380E8E7A80726D12CB997C936D95B514E7F921187119FD80996BBACA103C08EFCC39553EFF5DFC368D4D8D197C9080C7015AE4DA2E87884E7DE9A6', (SELECT NodeID FROM Nodes WHERE UserHash = 'E5D6801551E6079FCAF2B10403FA86F9B9EC40B0D7A70256EDA0A9988ABAB4CC250681D5054D18E224DCF0CADB730BCF6E07546F2B775A0E31D64C3DC41BC159' AND NodeTitle = 'Cooking'), 1),
('D8FC97AC79D370FC43BE4528C72B02AD7B560DC707956B77D5892504754E6C2484C07BF28243FF3CD1A2EA6F778BBBF924B384A34975D6A7D590A40CEE455A32', (SELECT NodeID FROM Nodes WHERE UserHash = 'E5D6801551E6079FCAF2B10403FA86F9B9EC40B0D7A70256EDA0A9988ABAB4CC250681D5054D18E224DCF0CADB730BCF6E07546F2B775A0E31D64C3DC41BC159' AND NodeTitle = 'Cooking'), 2),
('AE57D4CD0E7DC14F7C8C7EEF4DC8C8B833567A71021C1D123328D9B85C3825D8B72376D162C7F03C78D3CE048104A6BB0047979544F4852679D937048258558D', (SELECT NodeID FROM Nodes WHERE UserHash = 'E5D6801551E6079FCAF2B10403FA86F9B9EC40B0D7A70256EDA0A9988ABAB4CC250681D5054D18E224DCF0CADB730BCF6E07546F2B775A0E31D64C3DC41BC159' AND NodeTitle = 'Cooking'), 3),
('E5D6801551E6079FCAF2B10403FA86F9B9EC40B0D7A70256EDA0A9988ABAB4CC250681D5054D18E224DCF0CADB730BCF6E07546F2B775A0E31D64C3DC41BC159', (SELECT NodeID FROM Nodes WHERE UserHash = 'E5D6801551E6079FCAF2B10403FA86F9B9EC40B0D7A70256EDA0A9988ABAB4CC250681D5054D18E224DCF0CADB730BCF6E07546F2B775A0E31D64C3DC41BC159' AND NodeTitle = 'Cooking'), 4),
('CB3C47AD9DCEFA2CAC50D472CAFA954F00476EA58B11E8F2CD32E46F4C3DC1C990867A78D484BB25E8FF2FB44CE9F99F356E275E7E2684FFF714BAC11B663FBF', (SELECT NodeID FROM Nodes WHERE UserHash = 'E5D6801551E6079FCAF2B10403FA86F9B9EC40B0D7A70256EDA0A9988ABAB4CC250681D5054D18E224DCF0CADB730BCF6E07546F2B775A0E31D64C3DC41BC159' AND NodeTitle = 'Cooking'), 5),
('0B1CC9CFB7380E8E7A80726D12CB997C936D95B514E7F921187119FD80996BBACA103C08EFCC39553EFF5DFC368D4D8D197C9080C7015AE4DA2E87884E7DE9A6', (SELECT NodeID FROM Nodes WHERE UserHash = 'AE57D4CD0E7DC14F7C8C7EEF4DC8C8B833567A71021C1D123328D9B85C3825D8B72376D162C7F03C78D3CE048104A6BB0047979544F4852679D937048258558D' AND NodeTitle = 'Cooking Pasta'), 1),
('D8FC97AC79D370FC43BE4528C72B02AD7B560DC707956B77D5892504754E6C2484C07BF28243FF3CD1A2EA6F778BBBF924B384A34975D6A7D590A40CEE455A32', (SELECT NodeID FROM Nodes WHERE UserHash = 'AE57D4CD0E7DC14F7C8C7EEF4DC8C8B833567A71021C1D123328D9B85C3825D8B72376D162C7F03C78D3CE048104A6BB0047979544F4852679D937048258558D' AND NodeTitle = 'Cooking Pasta'), 2),
('AE57D4CD0E7DC14F7C8C7EEF4DC8C8B833567A71021C1D123328D9B85C3825D8B72376D162C7F03C78D3CE048104A6BB0047979544F4852679D937048258558D', (SELECT NodeID FROM Nodes WHERE UserHash = 'AE57D4CD0E7DC14F7C8C7EEF4DC8C8B833567A71021C1D123328D9B85C3825D8B72376D162C7F03C78D3CE048104A6BB0047979544F4852679D937048258558D' AND NodeTitle = 'Cooking Pasta'), 3),
('E5D6801551E6079FCAF2B10403FA86F9B9EC40B0D7A70256EDA0A9988ABAB4CC250681D5054D18E224DCF0CADB730BCF6E07546F2B775A0E31D64C3DC41BC159', (SELECT NodeID FROM Nodes WHERE UserHash = 'AE57D4CD0E7DC14F7C8C7EEF4DC8C8B833567A71021C1D123328D9B85C3825D8B72376D162C7F03C78D3CE048104A6BB0047979544F4852679D937048258558D' AND NodeTitle = 'Cooking Pasta'), 4),
('CB3C47AD9DCEFA2CAC50D472CAFA954F00476EA58B11E8F2CD32E46F4C3DC1C990867A78D484BB25E8FF2FB44CE9F99F356E275E7E2684FFF714BAC11B663FBF', (SELECT NodeID FROM Nodes WHERE UserHash = 'AE57D4CD0E7DC14F7C8C7EEF4DC8C8B833567A71021C1D123328D9B85C3825D8B72376D162C7F03C78D3CE048104A6BB0047979544F4852679D937048258558D' AND NodeTitle = 'Cooking Pasta'), 5);